1,979,"KOVAČIČ","LUKA","0:37:39"
2,1190,"MIKAC","PATRIK","0:39:53"
3,676,"NAGLIČ","ROK","0:41:19"
4,450,"PER","DAVID","0:44:18"
5,1503,"HÖCK","MARTIN","0:44:31"
6,15,"KASTELIC","KLEMEN","0:44:47"
7,677,"OKROGELNIK","VID","0:45:14"
8,1559,"PLAHUTAR","ŽIGA","0:45:48"
9,468,"ŠTRAKL","AMADEJ","0:46:05"
10,1649,"KLADNIK","TOMAŽ","0:46:25"
11,240,"BREGAR","GAŠPER","0:46:40"
12,1135,"ŽAGAR","METOD","0:46:56"
13,1337,"JERMAN","MATEJ","0:47:38"
14,89,"ČEBULAR","NEJC","0:48:08"
14,705,"ČEČEK","BLAŽ","0:48:08"
16,137,"SKUBIC","BOŠTJAN","0:48:15"
17,1260,"LUPŠE","BLAŽ","0:48:33"
18,309,"DOLAR","TOMAŽ","0:49:37"
19,706,"LAVRIČ","MATEVŽ","0:49:51"
20,1498,"HANDANAGIC","ARMIN","0:50:02"
21,524,"BRUS","TIM","0:50:22"
22,843,"PETRIC","DEJAN","0:50:32"
23,1496,"ČASAR","LUKA","0:50:34"
24,536,"NAPOTNIK","URBAN","0:50:46"
25,1614,"ZABUKOŠEK POČIVALŠEK","ŽIGA","0:50:49"
26,1443,"POKLUKAR","ERIK","0:50:52"
27,1019,"BRULC","SRECKO","0:50:57"
28,1204,"JURČIČ","TILEN","0:51:05"
29,1090,"KOGOVSEK","LEON","0:51:18"
30,954,"FINK","MATEJ","0:51:32"
31,477,"ŠLAMBERGER","TIMI","0:51:35"
32,1205,"CÖR","ANDREJ","0:51:39"
33,114,"ZUPANCIC","ROK","0:51:47"
34,225,"ZBAŽIN","JOŽIN","0:51:49"
35,978,"URABEL","LUKAS","0:52:14"
36,40,"STRMEC","GAŠPER","0:52:15"
37,1462,"ENIKO","ŽIGA","0:52:29"
38,829,"HOČEVAR","MIHA","0:52:56"
39,897,"ABUNAR","MARTIN","0:53:00"
40,1455,"ZUPAN","MATIC","0:53:02"
41,1495,"POLJANŠEK","ANDRAŽ","0:53:04"
42,1428,"HAUPTMAN","GAL","0:53:11"
43,180,"COZZUTTO","LORENZO","0:53:12"
44,830,"MERZEL","UROŠ","0:53:19"
44,1020,"BOBEN","ŽAN","0:53:19"
46,1213,"MRAVLJAK","JURE","0:53:20"
47,1464,"NOVŠAK","DAVID","0:53:37"
48,1156,"JELOVČAN","JAKA","0:53:41"
49,667,"ZUPAN","URH","0:53:53"
50,1232,"ŽIČKAR","BORUT","0:54:07"
51,442,"EICHER","GERHARD","0:54:08"
52,1537,"PIRIH","ALEKSANDER","0:54:14"
53,123,"STEFANAC","SASO","0:54:20"
54,1063,"FERLAN","BLAŽ","0:54:40"
55,11,"BREČKO","DAVOR","0:54:52"
56,1626,"STONIČ","ERAZEM","0:54:55"
57,748,"OBLAK","TOMAŽ","0:55:02"
57,1353,"ROTOVNIK","TINE","0:55:02"
59,470,"BODLAJ","JAKA","0:55:27"
60,998,"KRŽIČ","TILEN","0:55:36"
61,637,"VAJNGERL","UROŠ","0:55:45"
62,1218,"PIRC","MATEJ","0:55:47"
63,1025,"MAJNIK","JAKA","0:55:51"
63,257,"LITSCHAUER","JAKOB","0:55:51"
63,277,"KOLLEGGER","STEFAN","0:55:51"
66,1302,"PLEŠNIK","ALEŠ","0:55:56"
67,1184,"VRTAČNIK","URBAN","0:55:58"
68,750,"MLAKAR","BOŠTJAN","0:56:06"
69,1660,"TURICNIK","SASO","0:56:17"
70,210,"MAVER","DEJAN","0:56:19"
71,17,"HARB","MARKO","0:56:20"
72,129,"ZALAR","BLAŽ","0:56:28"
73,1403,"KOS","ALJAZ","0:57:00"
74,330,"AHČIN","MATEVŽ","0:57:02"
75,368,"ZUPAN","JAKA","0:57:14"
76,1672,"KRIŽAJ","BINE","0:57:18"
77,754,"OMERZU","DEJAN","0:57:24"
78,371,"JAKLIČ","JURE","0:57:26"
79,556,"OKICIC","MATEJ","0:57:34"
80,809,"ŽEN","JANEZ","0:57:38"
81,1055,"COLNAR","MARTIN","0:57:41"
82,1023,"PRAH","TJAŽ","0:57:56"
83,507,"MAROLT","URBAN","0:57:57"
84,1139,"RADEJ","MITJA","0:57:58"
85,1470,"ŽAGAR","MARKO","0:57:59"
86,1465,"FERKOLJ","TILEN","0:58:07"
87,1659,"MARINŠEK","MARK","0:58:09"
88,709,"ŽNIDARIČ","GAŠPER","0:58:23"
89,641,"LENKIČ","UROŠ","0:58:26"
90,668,"ISTENIČ","FILIP","0:58:28"
90,746,"SELEKAR","BLAZ","0:58:28"
92,1453,"VINDIŠAR","JAKA","0:58:30"
92,839,"HOVNIK","OŽBEJ","0:58:30"
94,1646,"KNEDL","TADEJ","0:58:33"
95,847,"ŠIFRAR","ADAM","0:58:36"
96,1018,"KOSAJNČ","ROBERT","0:58:46"
97,1399,"REPANŠEK","ANDREJ","0:58:50"
98,67,"RUČIGAJ","ŽIGA","0:58:58"
99,278,"HIRTENFELLNER","JOACHIM","0:59:04"
100,1335,"ŠKOBERNE","BRANE","0:59:15"
101,1421,"HAFNAR","PETER","0:59:20"
101,343,"KELENC","ALEŠ","0:59:20"
103,1010,"ŠKUFCA","DOMEN","0:59:23"
104,1247,"TASNER","GREGOR","0:59:27"
105,1078,"TRTNIK","MIHA","0:59:28"
105,186,"ZAVRŠAN","JAKA","0:59:28"
107,296,"MAURIČ","ALOJZ","0:59:30"
108,1082,"PIŠEK","ROK","0:59:32"
109,1183,"RAŽEN","TOMAŽ","0:59:42"
110,1252,"BORKO","NEJC","0:59:54"
111,1142,"KODELJA","IZTOK","0:59:55"
112,367,"ZUPAN","BLAŽ","1:00:12"
113,469,"BODLAJ","ROK","1:00:18"
113,859,"BERLOŽNIK","SIMON","1:00:18"
115,816,"HRIBAR","MATJAŽ","1:00:24"
115,1478,"VESELIČ","IVO","1:00:24"
117,1301,"BULC","MATEJ","1:00:25"
118,1372,"PRITRŽNIK","TOMAŽ","1:00:28"
118,1682,"KRAJNIK","LUKA","1:00:28"
120,292,"KRAMBERGER","ŽIGA","1:00:31"
121,1351,"DOBRAVC","ROK","1:00:33"
122,1561,"KURNIK","ANDREJ","1:00:35"
123,1494,"MARTINČIČ","GAŠPER","1:00:36"
124,1188,"TOFANT","DENIS","1:00:38"
125,1432,"JOVAN","JAN","1:00:41"
126,1001,"KAINZ","MATEJ","1:00:47"
126,338,"JEREB","ANDRAŽ","1:00:47"
128,1011,"ŠTUKLEK","GREGOR","1:01:00"
129,649,"KROPEJ","FRANCI","1:01:02"
130,1566,"AHAČIČ","GAŠPER","1:01:03"
131,1052,"RODE","SANDI","1:01:07"
132,782,"ABUNAR","GREGOR","1:01:15"
133,729,"VODENIK","ANDREJ","1:01:17"
134,1459,"ROBIČ","LOVRO","1:01:22"
135,187,"DRNOVŠEK","MATEJ","1:01:33"
136,736,"HOČEVAR","JERNEJ","1:01:34"
137,431,"TERTINEK","ALEŠ","1:01:35"
138,1436,"KOGOVŠEK","DOMEN","1:01:36"
139,976,"GALAUZ","MATHIAS","1:01:37"
140,1505,"GROS","TILEN","1:01:46"
141,929,"DORNIK","BLAŽ","1:01:50"
142,777,"KONČINA","LUKA","1:01:51"
142,1573,"ROJEC","MATEJ","1:01:51"
144,290,"KODRIČ","BORIS","1:01:52"
145,321,"UMEK","ALJOŠA","1:01:55"
146,1151,"ZEL","TADEJ","1:01:57"
147,1475,"HOČEVAR","JANI","1:02:00"
148,1220,"FILIPIČ","EMIL","1:02:06"
149,1258,"DOBRAVC","MATJAZ","1:02:09"
149,1164,"URANIČ","PRIMOŽ","1:02:09"
151,753,"POLJANŠEK","DOMEN","1:02:23"
152,871,"KUHTA","BLAŽ","1:02:31"
153,372,"VRHOVNIK","KRISTIJAN","1:02:38"
154,393,"ŠTEHARNIK","MATEJ","1:02:44"
155,890,"PRIJATELJ","VASJA","1:02:59"
156,1493,"DROBNE","ROBERT","1:03:01"
157,1050,"RAVNIK","BOŠTJAN","1:03:08"
158,42,"OPREŠNIK","ANDREJ","1:03:13"
159,1155,"ESIH","LUKA","1:03:15"
160,1119,"ČAUŠEVIĆ","SANEL","1:03:16"
161,1658,"MUROVEC","ERIK","1:03:23"
162,1553,"PEČNIK","UROŠ","1:03:27"
162,303,"DOBNIK","MATJAŽ","1:03:27"
164,16,"KOKALJ","URH","1:03:35"
165,26,"MARN","MARKO","1:03:36"
166,329,"KOVAČ","KLEMEN","1:03:37"
167,506,"NOVSAK","BOSTJAN","1:03:40"
168,373,"NOVAK","ŽIGA","1:03:53"
169,374,"NOVAK","MITJA","1:03:54"
170,518,"GRUNTAR","ANŽE","1:03:57"
171,749,"MLINAR","MITJA","1:04:08"
172,1373,"KLEČ","GREGA","1:04:10"
173,4,"ŽAGAR","DOMEN","1:04:11"
174,47,"MUHOVIC","ŽAN","1:04:15"
175,87,"PERPAR","FRANCI","1:04:19"
175,882,"ZUPANČIČ","DENIS","1:04:19"
177,1427,"CEGLAR","MAJ","1:04:21"
178,1560,"LOPATIČ","SANDI","1:04:30"
179,1325,"KOŽELJ","URH","1:04:31"
180,83,"BLATNIK","MATJAŽ","1:04:38"
181,246,"BOC","LUKAS","1:04:44"
182,1607,"TOMAŽIN","JOŽE","1:04:56"
183,1429,"GOBEC","MATIC","1:04:57"
184,1547,"ŠTEHARNIK","PRIMOŽ","1:05:02"
185,269,"ZALOKAR","KLEMEN","1:05:06"
186,226,"MIHELIN","ANDREJ","1:05:14"
187,1359,"MIKLAVC","ROK","1:05:15"
188,1143,"TRATNIK","ALJAŽ","1:05:16"
189,810,"ŽEN","TOMAŽ","1:05:17"
190,227,"MARKELJ","DUŠAN","1:05:23"
191,915,"TURK","NEJC","1:05:24"
191,1517,"OŠTARIJAŠ","ANŽE","1:05:24"
193,1244,"ROŽEJ","ŽIGA","1:05:30"
193,298,"AHLIN","TOMAŽ","1:05:30"
195,849,"LENŠČAK","ANDREJ","1:05:37"
196,933,"KLEMENČIČ","DOMINIK","1:05:40"
197,1647,"HRIBAR","DOMEN","1:05:41"
198,521,"DOLINAR","DANIJEL","1:05:43"
199,1182,"VRTAČNIK","JAKA","1:05:46"
200,1608,"JARC","PRIMOŽ","1:05:48"
201,828,"GODAR","MARJAN","1:05:58"
201,1075,"VOH","PETER","1:05:58"
203,560,"MEDIŽEVEC","MATEVŽ","1:06:01"
204,1486,"KALTAK","ALJAZ","1:06:02"
205,1587,"ŽNIDAR","MATJAŽ","1:06:04"
206,436,"KERŠMANC","ŽIGA","1:06:09"
207,279,"KOVACS","DAVID","1:06:16"
208,104,"KOK","GREGOR","1:06:17"
209,1596,"SLANIČ","LUKA","1:06:19"
210,217,"SAJOVIC","UROŠ","1:06:23"
211,870,"PERNE","LUKA","1:06:29"
212,38,"NOVAK","ERVIN","1:06:31"
212,1689,"MIHELJ","GREGOR","1:06:31"
214,747,"POČIVALŠEK","DEJAN","1:06:35"
215,1299,"GORISEK","ANZE","1:06:38"
216,383,"VERDNIK","MARIO","1:06:39"
217,127,"ŠVAB","ANŽE","1:06:40"
218,35,"MEDVED","ALEŠ","1:06:46"
219,91,"IKIĆ","DENIS","1:06:50"
219,1089,"JENKO","TINE","1:06:50"
221,722,"KELENC","DAVID","1:06:56"
222,642,"ZAMAN","JOST","1:07:00"
223,55,"OGRINC","LUKA","1:07:02"
224,291,"KLEMENAK","KLEMEN","1:07:09"
225,808,"CIZERLE","DAMJAN","1:07:10"
226,1393,"HOČEVAR","JAN","1:07:16"
227,394,"ZAMAN","MATJAŽ","1:07:33"
228,145,"KLIČIĆ","MIRHAD","1:07:35"
228,1426,"SREČKOVIĆ","SIMON","1:07:35"
228,1166,"MEŽAN","DAMJAN","1:07:35"
231,1117,"KUMAR","DANIEL","1:07:39"
232,885,"SEILS","GERO","1:07:40"
233,1519,"PLANINŠEK","LUKA","1:07:41"
233,1249,"POLANCEC","DREJC","1:07:41"
233,356,"KLEMEN","PETER","1:07:41"
236,1008,"PINTER","DAMIJAN","1:07:43"
237,1448,"HUMERCA","MIHA","1:07:50"
238,1504,"PUSAVEC","MATIJA","1:07:55"
238,511,"SCHRETZMAYER","FLORIAN","1:07:55"
240,728,"SLUGA","JURIJ","1:08:06"
240,1552,"NIMCEVIC","DARIO","1:08:06"
242,1615,"SKAZA","ŽIGA","1:08:10"
243,97,"DEBELAK","MATIC","1:08:11"
244,1140,"NETAHLY","TADEJ","1:08:14"
245,567,"KUSERBANJ","ROK","1:08:15"
245,1574,"JERMAN","NEJC","1:08:15"
247,140,"TRUDEN","MIHA","1:08:17"
247,1159,"MAROLT","TILEN","1:08:17"
249,1248,"ŠILER","PETER","1:08:18"
249,136,"IGLIC","JAKA","1:08:18"
251,105,"JERŠE","ROK","1:08:23"
251,1234,"SIMČIČ","ANDI","1:08:23"
253,1226,"BELAJ","DOMEN","1:08:28"
254,739,"KERT","JERNEJ","1:08:36"
254,1622,"WRIESSNIG","FRANZ","1:08:36"
256,639,"ZDOVC","UROŠ","1:08:37"
257,865,"CESTNIK","KLEMEN","1:08:47"
258,1216,"TURNŠEK","ROK","1:08:50"
259,233,"TROJER","DREJC","1:08:51"
260,1679,"PEČENIK","VIDA","1:08:52"
261,208,"MAVER","ŽAN","1:08:54"
262,1211,"ROGELJ","JAN","1:08:56"
263,1454,"ZUPAN","TOM","1:08:58"
264,495,"KIRN","ANDRAZ","1:09:01"
265,1450,"ERŽEN","TOMAŽ","1:09:06"
266,1507,"JUŽINA","MATJAŽ","1:09:10"
267,359,"GOMOLJ","ALEN","1:09:12"
267,337,"PETROVČIČ","NACE","1:09:12"
269,645,"GAŠPERIN","LAN","1:09:15"
270,652,"HOHNJEC","MATEJ","1:09:21"
271,775,"ŠMID","BORIS","1:09:22"
272,48,"MUHOVIC","MITJA","1:09:25"
273,999,"GOMBAČ","SEBASTJAN","1:09:32"
274,334,"MITHANS","BRANKO","1:09:38"
274,1674,"GABROVSEK","LUKA","1:09:38"
276,1449,"HOLCL","BLAŽ","1:09:41"
277,1225,"BELAJ","NIKO","1:09:42"
278,9,"RANKEL","GAŠPER","1:09:52"
279,894,"MROVLJE","DENIS","1:09:55"
280,778,"BOHINC","MIHA","1:09:56"
281,651,"ARČON","MATIJA","1:09:58"
282,1033,"ŽUPEVC","TADEJ","1:10:01"
283,1176,"SKVARC","DEJAN","1:10:05"
284,1331,"OBLAK","TOMI","1:10:06"
285,1207,"DOLINAR","ROK","1:10:09"
286,550,"KRIŽMAN","MARTIN","1:10:16"
287,266,"KOČEVAR","DUŠAN","1:10:20"
288,24,"ÐURIĆ","BOJAN","1:10:27"
288,184,"BUBNIČ","MIHA","1:10:27"
288,611,"ŠTARKEL","MATJAŽ","1:10:27"
291,721,"KOBLIČ","ALEŠ","1:10:33"
291,1407,"BAJEC","KRISTIAN","1:10:33"
293,757,"BRATUSA","ROBERT","1:10:35"
294,1285,"KUSTER","PHILLIP","1:10:38"
294,953,"VUK","OSKAR","1:10:38"
296,1516,"SKODLAR","ERIK","1:10:41"
297,842,"SIMONČIČ","PAVEL","1:10:47"
297,1004,"DROBEŽ","UROŠ","1:10:47"
299,1026,"VENE","OŽBEJ","1:10:49"
300,881,"LENARCIC","PETER","1:10:50"
300,406,"ROT","ŽAN","1:10:50"
302,387,"LEGAT","JURE","1:10:51"
302,1621,"ONUK","BORIS","1:10:51"
304,1199,"MALI","BORUT","1:10:52"
305,386,"FOJKAR","ŽAN","1:10:53"
305,655,"LESKOVAR","ANDREJ","1:10:53"
307,1045,"RAVNIK","TIM","1:11:01"
308,148,"ČAMPA","PETER","1:11:05"
309,952,"VON MEDING","PHILIPP","1:11:07"
310,1363,"PAVLICA","BOSTJAN","1:11:11"
310,1618,"VIDEČNIK","URH","1:11:11"
312,508,"WURZ","FABIAN","1:11:13"
313,1324,"KNAFELC","DAVID","1:11:15"
314,878,"ZAKŠEK","MARKO","1:11:19"
315,390,"ČERNIGOJ","PETER","1:11:26"
316,800,"MURKO","MAKSIMILJAN","1:11:30"
317,844,"ŠKUL","IGOR","1:11:31"
318,1300,"ŽITKO","DAMJAN","1:11:32"
319,1203,"KREK","JON","1:11:34"
320,763,"ZUPANC","MARK","1:11:38"
321,921,"MAKOVEC","ROK","1:11:39"
322,707,"ZABRET","MATIJA","1:11:43"
323,1598,"BLUMAUER","ALEŠ","1:11:46"
324,199,"KRAMAR","MARKO","1:11:47"
325,196,"ROJKO","GREGA","1:11:52"
325,1057,"NABERGOJ","NEJC","1:11:52"
327,504,"KODRIČ","SIMON","1:11:55"
328,633,"KOLARIČ","KRISTJAN","1:12:00"
329,1094,"BARAKONYI","GERGO","1:12:02"
330,1005,"KRAMAR","MIHA","1:12:04"
331,1466,"ŠTORMAN","BOJAN","1:12:09"
332,1392,"KAVČIČ","JULIJAN","1:12:12"
333,901,"OBRUL","MATIC","1:12:13"
334,1441,"STRNAD","BINE","1:12:14"
335,1098,"BENKIČ","UROŠ","1:12:15"
336,476,"ZORJAN","DEJAN","1:12:22"
337,883,"JELEN","UROŠ","1:12:25"
338,22,"TOPLAK","TOMAŽ","1:12:31"
338,1669,"ŠTINJEK","MIRAN","1:12:31"
340,294,"PERČIČ","MATIC","1:12:32"
341,908,"MLAKAR","STAŠ","1:12:38"
342,424,"BEG","SIMON","1:12:39"
343,336,"RIFELJ","BOŠTJAN","1:12:41"
344,1047,"KAMNIKAR","MATEJ","1:12:42"
345,893,"DRAGAN","DAVID","1:12:43"
346,1318,"KEREC","ANEJ","1:12:44"
347,423,"MOHORKO","DARKO","1:12:46"
348,157,"REPOVŽ","MIHA","1:12:48"
349,1492,"RESMAN","URH","1:12:50"
350,1575,"SAJOVIC","DEJAN","1:12:51"
351,1489,"PAVLOVIĆ","MATEJ","1:12:59"
352,687,"CVELBAR","ROK","1:13:04"
353,759,"GRMEK","UROŠ","1:13:07"
354,989,"ALT","ALJOŠA","1:13:08"
355,1323,"KNAFELC","GREGOR","1:13:09"
355,283,"KOTROCZÓ","NÁNDOR","1:13:09"
357,71,"GODAR","MARTIN","1:13:10"
358,833,"ORAŽEM","ŽIGA","1:13:11"
359,1080,"VIDMAR","JURE","1:13:13"
360,1180,"KOTARSCAK","BLAZ","1:13:23"
361,604,"LESKOVAR","ŽAN","1:13:24"
362,1181,"LAZAREVIČ","GREGOR","1:13:27"
362,1118,"POŽUN","PETER","1:13:27"
364,1651,"NEMANIC","SEBASTIJAN","1:13:28"
365,960,"ADAMIČ","LOJZE","1:13:29"
366,719,"MLAKAR","JURE","1:13:35"
367,449,"KASTELIC","MATIJA","1:13:52"
367,99,"VIDERGAR","JANEZ","1:13:52"
367,350,"PINTARIČ","ALEŠ","1:13:52"
370,488,"KROPIVŠEK","ALJAŽ","1:13:54"
371,1699,"HUDOVERNIK","MATEVŽ","1:13:55"
372,531,"GORIČANEC","JANEZ","1:13:57"
373,666,"AHAČIČ","GAŠPER","1:13:58"
373,147,"DECMAN","GASPER","1:13:58"
375,1136,"LEKŠE","MITJA","1:14:01"
376,1296,"JERKIČ","ALEKS","1:14:02"
377,1108,"MAJNIK","MIHA","1:14:03"
378,1279,"KLEMENCIC","IGOR","1:14:04"
379,1347,"HORVAT","BOJAN","1:14:06"
380,39,"BOGATAJ","VID","1:14:07"
381,887,"RAZBORŠEK","MATEJ","1:14:10"
382,1310,"ŠILJEG","UROŠ","1:14:18"
382,479,"POLANŠČEK","JANI","1:14:18"
384,1107,"BEDEK","DREJC","1:14:19"
385,963,"MOROZ","MATEVŽ","1:14:22"
385,1700,"KLEMENC","GREGA","1:14:22"
387,1161,"LOVŠIN","ROK","1:14:26"
387,1348,"KOVIČ","BLAŽ","1:14:26"
389,1593,"PERČIČ","JAKA","1:14:34"
390,27,"MEGLIČ","IZIDOR","1:14:37"
391,745,"VRAČUN","JANI","1:14:38"
392,302,"KOROŠEC","TIM","1:14:47"
393,482,"VERDNIK","DEJAN","1:14:57"
393,1485,"GORINJAC","ZIJAD","1:14:57"
395,224,"GRASIC","STEFAN","1:14:58"
396,327,"DOBRAVC","KLEMEN","1:15:01"
397,774,"BOSNJAK","IVAN","1:15:07"
398,156,"ŠUBER","MATJAŽ","1:15:16"
399,549,"KOROŠEC","PRIMOŽ","1:15:17"
400,1447,"ČEMAŽAR","NIKO","1:15:18"
401,924,"KOLAR","KEVIN","1:15:23"
402,884,"RAK","GAJ","1:15:26"
403,985,"HEMPT","DAMJAN","1:15:28"
404,413,"JURIĆ","ANTE","1:15:31"
405,351,"POVSNAR","DEJAN","1:15:34"
406,610,"KOGOVŠEK","JAKA","1:15:35"
406,1097,"KOSI","PRIMOŽ","1:15:35"
408,914,"ZARNIK","ŽIGA","1:15:36"
409,780,"FILIPIČ","MARKO","1:15:43"
410,814,"MRKŠA","ALEŠ","1:15:46"
411,324,"VAJDIČ","JANEZ","1:15:47"
412,375,"NOVAK","MATIC","1:15:48"
412,603,"KUK","ŽIGA","1:15:48"
414,1377,"PEČNIK","UROŠ","1:15:50"
415,1246,"RADULOVIC","IGOR","1:15:51"
416,444,"HOZJAN","MIHA","1:15:57"
417,1420,"PRISTOVNIK","SAVO","1:16:07"
418,627,"MIKEC","IZTOK","1:16:08"
419,557,"PUNCER","GAŠPER","1:16:10"
420,815,"ČUFER","NEJC","1:16:12"
421,1189,"ARZENAK","MARKO","1:16:13"
422,1148,"MOHORČIČ","DAVID","1:16:14"
423,221,"POGAČ","URBAN","1:16:19"
424,494,"ŽELEZNIK","LUKA","1:16:22"
424,1409,"ROZMAN","UROŠ","1:16:22"
426,1381,"PODGORNIK","ALEN","1:16:25"
426,1105,"DRAGAR","ALEŠ","1:16:25"
428,1006,"KRAMAR","DARKO","1:16:37"
429,1039,"POLOVIČ","JANEZ","1:16:39"
430,57,"VILMAN","MARKO","1:16:42"
431,807,"BAJEC","MATJAŽ","1:16:44"
432,1200,"SABADIN","JANVIT","1:16:48"
433,1374,"VIDOVIČ","BOJAN","1:16:53"
434,58,"MIKLAVŽIN","KLEMEN","1:16:58"
435,1322,"MANSUTTI","SIMON","1:16:59"
436,50,"ROZNIK","SIMON","1:17:00"
436,110,"MEŠKO","ANDREJ","1:17:00"
438,831,"ZADRAVEC","ALEN","1:17:06"
439,1307,"TOLAR","BLAŽ","1:17:08"
440,803,"STAROVEŠKI","JURE","1:17:11"
440,994,"KODELJA","JANEZ","1:17:11"
442,1508,"RAŽEN","JAN","1:17:15"
443,726,"UPELJ","NEJC","1:17:16"
444,1256,"CIZEJ","SEBASTIJAN","1:17:17"
445,2,"BENKO","NEJC","1:17:18"
446,1076,"UDOVČ","GORAN","1:17:27"
446,1555,"PRELEC","NEJC","1:17:27"
448,760,"HADZIC","TARIK","1:17:31"
449,1397,"HOZJAN","MARKO","1:17:32"
449,1628,"STONIČ","DENIS","1:17:32"
451,900,"TRONTELJ","KLEMEN","1:17:36"
452,1172,"ŠMUC","MARKO","1:17:37"
453,727,"DREMELJ","SIMON","1:17:38"
454,854,"TROBEC","FRENK","1:17:39"
454,1572,"MALEŠIČ","MATEVŽ","1:17:39"
456,1617,"PLANINŠEK","MAX MARJAN","1:17:45"
457,835,"MODRUŠAN","LUKA","1:17:50"
458,1114,"PANGERC","DEJAN","1:17:52"
459,983,"DROBEŽ","PETER","1:17:55"
459,587,"KORSIC","TOMAZ","1:17:55"
461,1412,"KUKOVEC","DAVID MARTIN","1:17:59"
462,189,"ORAŽEM","MIHA","1:18:00"
463,20,"ORLČNIK","VOJKO","1:18:01"
464,214,"AMBROŽ","MARE","1:18:03"
465,1250,"ČEBAŠEK","AMBROŽ","1:18:04"
466,599,"RAČIČ","MATEVŽ","1:18:17"
467,274,"KUMER","MATEJ","1:18:19"
467,1306,"DORKO","KRISZTIAN","1:18:19"
469,934,"HORVAT","LUKA","1:18:20"
469,744,"KRIZANEC","LUKA","1:18:20"
471,575,"ROŽMAN","SEBASTJAN","1:18:21"
471,1002,"BIZJAK","MARKO","1:18:21"
473,1612,"PINTARIĆ","TONI","1:18:23"
474,438,"BIZJAK","DAVID","1:18:27"
475,764,"GRAHEK","UROS","1:18:30"
475,902,"MEDVED","DEJAN","1:18:30"
477,922,"CVIRN","PETER","1:18:36"
477,188,"TRATNIK","JERNEJ","1:18:36"
477,126,"KAVČIČ","ROK","1:18:36"
480,1269,"NASIC","JASMIN","1:18:37"
481,487,"VALDEVIT","LUCA","1:18:44"
481,1631,"KUTIN","KRISTJAN","1:18:44"
483,289,"CMOK","PRIMOZ","1:18:49"
483,1488,"MAJER","BOJAN","1:18:49"
485,426,"ČOP","RUBY","1:18:50"
486,1343,"NOVAK","DENIS","1:18:55"
487,1509,"PETROVIČ","TIMON","1:19:00"
488,928,"LAVRIČ","ANDREJ","1:19:01"
489,493,"MIKOLIČ","JAN","1:19:05"
490,304,"SAGAJ","BORIS","1:19:07"
490,370,"FUCHS","ALOJZ","1:19:07"
492,714,"KOREN","LEON","1:19:08"
493,813,"VRHOVŠEK","BRANE","1:19:13"
494,1411,"GLAVENDEKIĆ","RANKO","1:19:16"
495,1694,"EMBERŠIČ","ALEN","1:19:21"
496,1536,"NASTRAN","ANDRAŽ","1:19:22"
497,742,"MRAK","UROŠ","1:19:24"
498,96,"QUINN","RYAN","1:19:25"
499,369,"NOVAK","NEJC","1:19:26"
499,868,"GRUM","KRISTJAN","1:19:26"
501,7,"MILEK","LEON","1:19:39"
502,1298,"KRALJ","JAKOB","1:19:41"
503,211,"ŠKRABANJA","SAMO","1:19:49"
503,443,"EICHER","HUBERT","1:19:49"
505,437,"KOZEL TOMŠE","NIK","1:19:51"
506,1158,"BIZJAN","ANŽE","1:19:52"
507,219,"SUHADOLNIK","ŽAN","1:19:57"
508,1003,"MAČEROL","ANTON","1:19:58"
508,1673,"ŠUČUR","UROŠ","1:19:58"
510,1564,"KODELE","DARJAN","1:19:59"
510,1238,"BARTELA","MATEUSZ","1:19:59"
510,762,"PANDEL","DAVID","1:19:59"
513,917,"CVETKO","MARKO","1:20:02"
514,1284,"GARTNER","KLEMEN","1:20:04"
515,756,"PETEK","MATEJ","1:20:07"
516,1297,"ROJC","ERIK","1:20:10"
517,634,"JEŠOVNIK","SANDI","1:20:11"
518,234,"ŠTRUMBELJ","VIKTOR","1:20:15"
519,1375,"GUBIČ","NINO","1:20:21"
520,583,"ŠARKANJ","ANDREJ","1:20:25"
521,45,"URBANC","MATEJ","1:20:30"
522,398,"TREFF","NICOLAS","1:20:33"
522,932,"WEITH PUČKO","TIM","1:20:33"
524,1303,"TOMAZIN","ROK","1:20:35"
524,1690,"BARBIČ","PRIMOŽ","1:20:35"
526,525,"SCHILL","JACQUES","1:20:39"
527,480,"LIPUŽIČ","GREGOR","1:20:40"
528,1600,"WERBER","JURE","1:20:42"
529,14,"PEKOLJ","ANDRAŽ","1:20:43"
530,1613,"KOSMAČ","TOMAŽ","1:20:45"
531,357,"GOMILŠEK","ALJAŽ","1:20:49"
532,53,"DORMIŠ","MATEJ","1:20:50"
532,512,"KOZOROG","GAŠPER","1:20:50"
534,261,"REBERNAK","ANDREJ","1:20:53"
535,361,"PETŘÍK","MILAN","1:20:54"
536,1124,"ŠARLAH","ALEN","1:20:55"
537,1214,"KUSTEC","MATEVŽ","1:20:58"
538,570,"REBERNAK","MATEVŽ","1:20:59"
539,1440,"LAVRIČ","MATEJ","1:21:00"
540,1219,"MATIČ","GORAZD","1:21:02"
541,905,"FOŠT","DAVID","1:21:06"
542,491,"PRISLAN","ALJAŽ","1:21:07"
542,1698,"VOZELJ","NEJC","1:21:07"
544,342,"MULEC","JAN","1:21:09"
545,307,"BOGATAJ","IZTOK","1:21:12"
546,1072,"IVANC","KLEMEN","1:21:13"
547,907,"BERNETIČ","ALES","1:21:14"
548,896,"CEGLAR","GAŠPER","1:21:19"
548,185,"AHCIN","SAMO","1:21:19"
550,317,"ERJAVEC","TILEN","1:21:20"
550,658,"POŽIN","KLEMEN","1:21:20"
552,661,"DRNOVSEK","SEBASTIJAN","1:21:24"
553,693,"HOSTNIK","ANDRAŽ","1:21:29"
553,540,"MATEČKO","DANIJEL","1:21:29"
555,659,"PODLESNIK","TEO","1:21:35"
556,3,"ERHATIČ","KLEMEN","1:21:37"
557,56,"ANZLOVAR","ZIGA","1:21:41"
557,841,"KRAMBERGER","BOŠTJAN","1:21:41"
559,969,"BRAČKO","IGOR","1:21:43"
559,1349,"ULČNIK","SAMO","1:21:43"
561,60,"LEVER BOŠTJANČIČ","TEVŽ","1:21:45"
562,1491,"STRASNER","JERNEJ","1:21:46"
563,636,"FIFOLT","BOJAN","1:21:50"
564,247,"BREGAR","ANDREJ","1:21:55"
565,569,"REBERNAK","GASPER","1:21:58"
566,1129,"FERLIN","ROBERT","1:22:00"
567,1266,"KNEZ","JANE","1:22:05"
568,1370,"KRIVEC","LUKA","1:22:08"
569,1692,"KOŽUH","TIMOTEJ","1:22:11"
570,1627,"JOVAN","GREGOR","1:22:12"
571,1277,"OPAČIĆ","VID","1:22:18"
572,52,"KREGAR","BLAŽ","1:22:19"
573,1541,"ČERNJAK","DOMINIK SAVA","1:22:21"
574,918,"ŠTRAVS","FILIP","1:22:22"
575,395,"JEREŠIĆ","FILIP","1:22:24"
576,119,"SKUBIC","UROS","1:22:29"
577,767,"VIDMAR","ŽIGA","1:22:30"
577,1695,"SZABO","ISTVAN","1:22:30"
579,1693,"JANŠA","DAMJAN","1:22:32"
580,1291,"NOVAK","PRIMOŽ","1:22:35"
581,1330,"LENIČ","ALEŠ","1:22:36"
582,1551,"NIMCEVIC","BORIS","1:22:38"
583,546,"VALENČIČ","UROŠ","1:22:39"
584,528,"MARTINČIČ","DEJAN","1:22:40"
585,1528,"SULJANOVIČ","ALEN","1:22:44"
585,1675,"KRŽIŠNIK","MIHA","1:22:44"
587,711,"OMAHEN","SIMON","1:22:46"
588,961,"MOROZ","GAŠPER","1:22:50"
589,109,"TUŠAR","ANŽE","1:22:54"
590,1007,"VESELIČ","GORAZD","1:23:01"
591,674,"VESEL","ALEŠ","1:23:04"
592,874,"HRIBAR","ANŽE","1:23:10"
592,1319,"PRETNAR","LUKA","1:23:10"
592,1654,"TOMAN JAKOVLJEVIC","LUKA","1:23:10"
595,194,"MEMIĆ","MIRSAD","1:23:12"
596,995,"ŠKRK","VASJA","1:23:15"
597,198,"PEČAR","PRIMOŽ","1:23:16"
598,1437,"KOGOVŠEK","TINE","1:23:18"
599,996,"ŠKERJANEC","TEO","1:23:20"
600,1031,"KOS","GREGOR","1:23:22"
601,772,"PODJED","ALJAZ","1:23:23"
602,421,"KRAMBERGER","BOŠTJAN","1:23:24"
603,1383,"MARKUN","ANŽE","1:23:25"
604,1087,"ROZMAN","JOHAN","1:23:28"
605,733,"PRAŠNIKAR","LUKA","1:23:41"
605,1619,"VIDEČNIK","UROŠ","1:23:41"
607,1445,"DOLENC","DAMJAN","1:23:46"
608,98,"BASELJ","BOSTJAN","1:23:47"
609,635,"JEŠOVNIK","ROK","1:23:48"
609,584,"VESELIČ","DEJAN","1:23:48"
611,501,"MUHIČ","TOMAŽ","1:23:49"
611,1661,"POGORELČNIK","GAŠPER","1:23:49"
613,1502,"ŠKRINJAR","MARTIN","1:23:50"
614,1463,"URANKER","MATJAŽ","1:23:51"
615,984,"BRANCE","BOŠTJAN","1:23:52"
615,520,"PROSIČ","BOJAN","1:23:52"
617,867,"BEŠTER","MARCEL","1:23:53"
618,1056,"VIDMAR","SIMON","1:23:54"
619,179,"JOVANOVIĆ","DEJAN","1:23:55"
619,160,"VARDIJAN","NIK","1:23:55"
621,284,"LÁSZLÓK","ZSOLT","1:23:57"
622,997,"RUDOLF","ŽAN","1:24:03"
623,715,"LAZAR","GAŠPER","1:24:05"
624,910,"OVČARIĆ","MIHAEL","1:24:08"
625,588,"KOBOLD","TILEN","1:24:10"
626,653,"ČRETNIK","LUKA","1:24:11"
627,643,"DEMŠAR","BORIS","1:24:14"
628,1364,"KUZMAN","BOŠTJAN","1:24:15"
629,1439,"TOMŠIČ","GREGA","1:24:16"
630,625,"MICHAEL","OROZ","1:24:18"
631,1500,"SUHADOLC","JERNEJ","1:24:20"
632,1530,"FEMC","MATJAŽ","1:24:25"
633,675,"VESEL","ŽIGA","1:24:26"
634,1257,"KOGOVŠEK","MATJAŽ","1:24:28"
635,1501,"URBANČIČ","LUKA","1:24:29"
636,654,"BRINAR","GREGOR","1:24:31"
637,1071,"RISTIĆ","DAMJAN","1:24:32"
638,741,"GLAD","JAKA","1:24:33"
639,1191,"RUTAR","SAŠO","1:24:34"
640,1121,"ŽEMVA","JANEZ","1:24:36"
641,579,"GRIŽONIČ","AARON","1:24:39"
642,1029,"NAPOTNIK","JOŠT","1:24:41"
642,1410,"KLUKOVIČ","TILEN","1:24:41"
644,1511,"VITAMVAS","PETER","1:24:42"
644,716,"PETOVAR","ALJOSA","1:24:42"
644,1666,"BRANCELJ","JURE","1:24:42"
647,215,"LAVRENČIČ","BORUT","1:24:44"
648,834,"SEME","PETER","1:24:45"
649,141,"TRIFUNOVIĆ","DEJAN","1:24:47"
649,1656,"PRESKER","LUKA","1:24:47"
651,1341,"BORKO","KEVIN","1:24:49"
652,1179,"PINTARIĆ","TILEN","1:24:52"
653,1261,"ŠPEGELJ","JOŽE","1:24:54"
654,358,"LESJAK","KRISTJAN","1:24:55"
655,445,"GONZA","ALEN","1:24:56"
656,244,"JUG","GREGOR","1:24:57"
657,287,"JADRIJEVIĆ","IVICA","1:24:58"
657,1138,"KUČIČ","PETER","1:24:58"
659,360,"MARINSEK","ZAN","1:25:00"
660,734,"BOBLEKAR","NIK","1:25:01"
660,1512,"KERIN","MATEJ","1:25:01"
662,1396,"PRETNAR","LUKA","1:25:04"
663,1339,"TOMIC","MAJ","1:25:10"
663,377,"KRAJNC CEPEC","GASPER","1:25:10"
665,1294,"BEVK","LUKA","1:25:11"
665,1599,"JAMNIK","ALEKSANDER","1:25:11"
667,265,"ZETTEL","LUKAS","1:25:15"
668,785,"ŠČAVNIČAR","JANI","1:25:16"
669,1153,"DORNIK","DOMEN","1:25:19"
670,664,"KOLENC","JANOŠ","1:25:21"
671,606,"TRŽAN","BOŠTJAN","1:25:25"
672,379,"LIKAR","DENIS","1:25:29"
673,682,"KOKOLJ","DEJAN","1:25:35"
673,802,"LUKNER","ŽAN","1:25:35"
675,451,"TARMAN","ROK","1:25:36"
676,496,"JUG","MILOŠ","1:25:37"
677,490,"BAŠ","ANŽE","1:25:39"
677,1334,"PINTARIČ","GAŠPER","1:25:39"
679,1458,"SIFRER","MARTIN","1:25:40"
679,80,"KULENOVIČ","LORIS","1:25:40"
681,1438,"ŽARN","MATIC","1:25:41"
681,1068,"ČEPIN","BLAŽ","1:25:41"
683,37,"ŠKRJANEC","KLEMEN","1:25:44"
684,238,"PURIĆ","DAVID","1:25:45"
685,1398,"LISEC","UROŠ","1:25:52"
685,1321,"KOSI","KAMIL","1:25:52"
687,1229,"KOROŠEC","MARKO","1:25:53"
688,725,"KRKLEC","DAMIR","1:25:54"
689,935,"RAK","JAN","1:25:55"
690,376,"KOSEM","TOMAŽ","1:25:56"
691,696,"COSTAPERARIA","FEDERICO","1:26:01"
691,1597,"SAJOVIC","JERNEJ","1:26:01"
693,502,"BELAJ","URBAN","1:26:03"
694,1556,"NIMCEVIC","LUKA","1:26:04"
695,1391,"DROBEZ","RENATO","1:26:05"
696,1446,"BERNIK","BOŠTJAN","1:26:07"
697,168,"BOZICNIK","KRISTIJAN","1:26:10"
698,873,"SLUKAN","SINIŠA","1:26:17"
699,84,"PURKAT","MATJAŽ","1:26:20"
699,591,"KÖVEŠ","LEON","1:26:20"
701,612,"DOLENC","BOSTJAN","1:26:24"
702,1174,"POZSGAI","DÁVID","1:26:28"
703,46,"KALAR","GREGOR","1:26:29"
704,1387,"SOBOČAN","JURE","1:26:30"
705,430,"UGOVŠEK","ALJAŽ","1:26:39"
706,864,"PAVLIČ","DAVID","1:26:41"
707,59,"MEHTIG","TOMAŽ","1:26:42"
708,543,"GAJŠT","LUKA","1:26:46"
709,276,"STEGENŠEK","UROŠ","1:26:47"
710,578,"GRILJ","ČRTOMIR","1:26:54"
711,486,"PRIBANIĆ","TOMISLAV","1:26:56"
712,628,"POBERŽNIK","BRANE","1:26:58"
713,680,"PODGORŠEK","GABRIJEL","1:26:59"
714,1474,"JERAN","MATIC","1:27:00"
715,836,"DELBIJANKO","ANDRIJA","1:27:02"
716,204,"JEREB","GAŠPER","1:27:04"
716,1576,"ERNECL","ROK","1:27:04"
718,489,"KMETIČ","ROK","1:27:08"
718,1514,"ČUK","BOJAN","1:27:08"
720,681,"ZAPUŠEK","KLEMEN","1:27:11"
720,1577,"BABNIK","URBAN","1:27:11"
722,1652,"KREK","BOŠTJAN","1:27:12"
722,5,"GOVEKAR","ŽAN","1:27:12"
724,475,"VALENTI","VINKO","1:27:17"
725,1095,"IVANOVSKI","ALEKSANDAR","1:27:22"
726,685,"MLAKAR","LUKA","1:27:27"
727,77,"MITROVIĆ","DALIBOR","1:27:28"
727,1327,"MLAKAR","JAKOB","1:27:28"
729,1243,"MOLAN","ROK","1:27:29"
729,1473,"BOBNIČ","KLEMEN","1:27:29"
731,305,"PERKO","NEJC","1:27:30"
732,202,"ZABUKOVEC","JOŠT","1:27:34"
732,166,"KASTNER","DOMEN","1:27:34"
732,1388,"HIRŠMAN","JAKA","1:27:34"
732,1163,"DURET","ALEXIS","1:27:34"
736,982,"GROSIC","MIRKO","1:27:38"
736,28,"BOGOVČIČ","SAMO","1:27:38"
738,1642,"DEBELAK","KRISTJAN","1:27:41"
739,1565,"JANKO","MATIC","1:27:44"
740,440,"KOROŠEC","ANTON","1:27:47"
740,573,"MEDLE","LUKA","1:27:47"
740,1394,"HARTMAN","LOVRO","1:27:47"
743,1352,"DROBNE","PETER","1:27:57"
744,1231,"PINOZA","ALEKSANDER","1:27:58"
745,1457,"POŽAR","UROŠ","1:28:08"
746,895,"MAJCEN","MARKO","1:28:09"
747,723,"SLEMENŠEK","ROBERT","1:28:12"
748,203,"UDOVČ","MATEJ","1:28:13"
749,713,"OMAHEN","JURE","1:28:14"
750,845,"ZORKO","IGOR","1:28:17"
751,704,"KOZAR","TADEJ","1:28:20"
752,1406,"KOČNIK","ŽAN","1:28:22"
753,1384,"GORTNAR","NEJC","1:28:25"
754,21,"PUHEK","JURE","1:28:26"
755,607,"ROPOSA","BORUT","1:28:30"
755,766,"MARTINOVIĆ","TADEJ","1:28:30"
757,509,"ILC KONČAN","ALJOŠA","1:28:32"
758,781,"ZUPANC","DAMJAN","1:28:35"
758,1356,"HASLINGER","RANKO","1:28:35"
760,701,"TERTINEK","UROŠ","1:28:36"
761,1569,"KAVKA","LUKA","1:28:37"
762,724,"SLEMENŠEK","JOB","1:28:38"
763,1400,"SVETLIN","PRIMOŽ","1:28:39"
764,930,"RESNIK","DOMEN","1:28:40"
764,765,"KLOBUČAR","MATEJ","1:28:40"
766,923,"MARASOVIĆ","LUKA","1:28:43"
767,498,"BLAŽUN","ALJAŽ","1:28:44"
768,268,"KLEMENČIČ","PAVLE","1:28:45"
769,1074,"KAVČIČ","ŽAN","1:28:46"
770,70,"POŽONEC","MARIO","1:28:58"
771,720,"KUMER","UROŠ","1:29:04"
772,523,"SMERDELJ","LUKA","1:29:06"
772,1328,"KOS","DENIS","1:29:06"
774,31,"TRČEK","ANŽE","1:29:15"
775,656,"RUS","ANEJ","1:29:18"
776,213,"PODJED","MATIJA","1:29:20"
777,791,"KRAJNC","DAVID","1:29:22"
778,115,"MILIVOJEVIĆ","RASTKO","1:29:28"
779,150,"UDOVČ","JAN","1:29:29"
780,308,"KURENT","JAN","1:29:36"
780,564,"GRUNTAR","ALEŠ","1:29:36"
782,81,"PRAH","GAJ","1:29:37"
782,806,"NOVAK","MARK","1:29:37"
784,286,"MEGLIC","TOMAZ","1:29:41"
785,363,"HOJNIK","GREGOR","1:29:45"
785,1606,"RUDOLF","SAŠO","1:29:45"
787,1141,"ŽIBERT","MARKO","1:29:46"
788,1635,"BABUDER","VITO","1:29:52"
789,252,"KUMAR","SAMO","1:29:55"
790,1175,"USENICNIK","GREGOR","1:29:56"
791,1221,"POKORN","ANŽE","1:29:59"
791,392,"ŠADL","VOJKO","1:29:59"
793,949,"BAUMKIRHER","LEON","1:30:05"
794,1395,"DOMJANIĆ","JURE","1:30:07"
794,1515,"BERK","URBAN","1:30:07"
796,1522,"KLEMENČIČ","DEJAN","1:30:09"
797,49,"JOVANOVIĆ","BOJAN","1:30:11"
798,683,"KOVAČ","GORAZD","1:30:12"
798,1058,"ŠKERJANEC","JOŽEF","1:30:12"
800,950,"PAJK","DAMJAN","1:30:13"
800,672,"POGAČAR","MIHA","1:30:13"
800,568,"SELAN","JAN","1:30:13"
803,1262,"VREČKO","DAVORIN","1:30:15"
804,788,"HOJS","SVEN","1:30:17"
805,454,"ZAVRL","DANIJEL","1:30:24"
806,1196,"BROJAN","DREJC","1:30:25"
807,1227,"KRAŠOVEC","TONE","1:30:26"
807,832,"LUZAR","JAN","1:30:26"
809,32,"GOTAR","URBAN","1:30:28"
810,1414,"JELER","SANDI","1:30:32"
811,1311,"PUNGERCAR","MARJAN","1:30:36"
812,826,"JAMNIK","ANŽE","1:30:41"
812,19,"MIRTIČ","JANEZ","1:30:41"
812,670,"PAVLIČ","PRIMOŽ","1:30:41"
815,1579,"MIHEVC","DEJAN","1:30:43"
816,41,"KNEŽEVIĆ","DUŠKO","1:30:45"
817,1477,"HERCOG","ŠTEFAN","1:30:46"
817,1570,"ČAMPA","JAN","1:30:46"
819,1304,"FILIPIČ","BORUT","1:30:47"
820,243,"HRNČIČ","NIK","1:30:48"
821,1422,"DREVENŠEK","MARKO","1:30:52"
821,980,"RAVNIK","MARK","1:30:52"
823,620,"ŽIDO","ALEN","1:30:53"
824,558,"LEBAR","MIHA","1:30:56"
825,737,"CEFERIN","EDI","1:30:57"
826,966,"MANDL","TIM","1:30:58"
827,595,"KOKALJ","TOM","1:30:59"
828,332,"DERSTVENŠEK","ANDREJ","1:31:00"
829,541,"PINTARIČ","TILEN","1:31:02"
830,626,"MIKEC","JOŽE","1:31:05"
830,242,"HRNČIČ","ROK","1:31:05"
832,412,"VERLIČ","MATEJ","1:31:06"
833,138,"TRUNK","URBAN","1:31:08"
833,425,"PUŠAVEC","PETER","1:31:08"
835,1145,"LULIK","DIMITRIJ","1:31:11"
836,522,"VUJASINOVIC","NELA","1:31:12"
837,355,"HUFNAGL","LARS","1:31:16"
838,1272,"THIEL","MAX","1:31:18"
839,1413,"ČERNE","ANŽE","1:31:21"
840,68,"POŽONEC","VLADIMIR","1:31:23"
841,254,"VUGREK","MARIO","1:31:27"
841,1484,"LAJIĆ","BORISLAV","1:31:27"
841,1186,"KOČNAR","BLAŽ","1:31:27"
841,1605,"PAHIČ","ROK","1:31:27"
845,1382,"LENIČ","ANDREJ","1:31:28"
846,971,"KOLAR","DAVID","1:31:31"
846,913,"KUŽNIK","JAKA","1:31:31"
848,1137,"LEKŠE","GREGOR","1:31:32"
849,532,"PAPEŽ","ROK","1:31:34"
850,1209,"LAVRIN","SAŠO","1:31:36"
850,1305,"JENKO","KLEMEN","1:31:36"
852,768,"PROSEN","LUKA","1:31:45"
853,586,"MARIĆ","PREDRAG","1:31:46"
854,328,"VELER","TOMAŽ","1:31:47"
855,779,"POBEGAJLO","MAKS","1:31:50"
856,926,"BERGOČ","KLEMEN","1:31:51"
857,1130,"KAMNIKAR","MATIC","1:31:53"
858,1235,"RANGUS","FRANC","1:31:54"
859,333,"VREČIČ","GREGOR","1:31:58"
860,911,"PORCNIK","MATIC","1:31:59"
861,175,"ŠPELKO","ALJAŽ","1:32:01"
862,513,"HUDOKLIN","JANI","1:32:02"
863,192,"JURMAN","DENIS","1:32:03"
864,1604,"ZAJC","GAŠPER","1:32:07"
865,876,"ZALETEL","TOMAŽ","1:32:12"
866,1342,"VESELKO","MITJA","1:32:15"
867,920,"DOMINIK BOVHA","DOMINIK","1:32:21"
868,316,"GABER","GAŠPER","1:32:22"
869,485,"BROZOVIĆ","BRUNO","1:32:24"
869,818,"KRALJ","DAVID","1:32:24"
869,1111,"VELENŠEK","MATJAŽ","1:32:24"
872,852,"ALEGRO","GAŠPER","1:32:26"
873,1533,"VELIČKOVIČ","DAMJAN","1:32:27"
874,866,"SINANOVIĆ","HARIS","1:32:33"
875,288,"COLOMBIN","ALESSIO","1:32:36"
876,959,"KACIN","JERNEJ","1:32:37"
877,54,"MATJAČIČ","TIN","1:32:38"
878,1032,"BLATNIK","NIK","1:32:39"
879,783,"KUHAR","DOMEN","1:32:41"
880,206,"KASTELIC","KLEMEN","1:32:43"
881,1580,"SVETINA","LUKA","1:32:44"
882,862,"ROBNIK","MATJAŽ","1:32:49"
883,740,"POTOČNIK","ERIK","1:32:53"
884,36,"ŠALAMIJA","ANŽE","1:32:54"
885,133,"ŠEMROV","GREGOR","1:32:55"
885,131,"MEHLE","ZAN","1:32:55"
887,1157,"BANIĆ","MILOŠ","1:33:02"
888,991,"RENER","DAVID","1:33:03"
888,1270,"KRAJNIK","TILEN","1:33:03"
890,1259,"KRALJ","ANDREJ","1:33:07"
891,416,"POGAČAR","JANEZ","1:33:10"
892,795,"ZORE","TILEN","1:33:13"
893,1198,"KUŽNIK","ANDRAŽ","1:33:14"
894,1531,"KOTAR","LUKA","1:33:16"
895,580,"LOPUH","MARJAN","1:33:19"
896,1366,"THIEL","PAUL","1:33:21"
896,837,"URANC","DAMJAN","1:33:21"
898,1268,"BERGER","THOMAS","1:33:22"
899,1554,"VUKOSLAVOVIĆ","DUŠAN","1:33:23"
900,673,"ZAGORC","LUKA","1:33:26"
901,399,"KLANČNIK","MATEVŽ","1:33:30"
901,116,"TRATNJEK","ROBERT","1:33:30"
903,527,"CLEMENZ","CHRISTIAN","1:33:33"
904,965,"KLOVAR","MIHA","1:33:34"
905,848,"MRAK","JAN","1:33:35"
905,1312,"KOŠENINA","GAŠPER","1:33:35"
907,1195,"KOS","MATJAŽ","1:33:41"
907,1083,"MERTÜK","LUKA","1:33:41"
909,1288,"LOVKO","MATIC","1:33:45"
909,1336,"PAJK","PETER","1:33:45"
911,789,"ROŽIČ","GAL","1:33:49"
912,264,"MUTHSAM","MATHIAS","1:33:55"
912,1688,"PLESNIČAR","ALJAŽ","1:33:55"
914,563,"BABNIK","URBAN","1:33:58"
915,1567,"TONE","MIHA","1:33:59"
916,1173,"MIKLIČ","MANUEL","1:34:02"
917,517,"FIDERŠEK","SAŠO","1:34:19"
918,12,"GORIŠEK","MATEJ","1:34:20"
919,347,"MUNDA","VID","1:34:25"
920,301,"ČEBELA","MATEJ","1:34:26"
921,1640,"OŠTARIJAŠ","MARCEL","1:34:27"
922,1049,"PETELIN","KLEMEN","1:34:28"
922,948,"PAJK","JURE","1:34:28"
924,209,"ZAMAN","JAKOB","1:34:43"
925,172,"KOVAČ","MATJAŽ","1:34:46"
925,1197,"RUDL","GORAZD","1:34:46"
927,804,"LEVNAJIC","MILAN","1:34:51"
928,937,"JAGODIĆ","MATIJA","1:34:58"
928,34,"DEŽMAN","UROŠ","1:34:58"
930,538,"TEVIĆ","ŽELJKO","1:35:02"
931,285,"MIKLIČ","ENEJ","1:35:04"
932,938,"LAZIČKI","DAVID","1:35:08"
933,925,"RAMPRE","TADEJ","1:35:11"
934,1293,"RUPNIK","MARTIN","1:35:14"
935,1513,"LAH","JAKA","1:35:16"
936,888,"DOLNIČAR","GAŠPER","1:35:20"
937,467,"PORI","TOM","1:35:29"
938,471,"PETKOVIC","ZORAN","1:35:31"
939,1079,"PERKON","JASMIN","1:35:32"
940,391,"PRKIČ","DENIS","1:35:33"
941,382,"BAŠ","URBAN","1:35:35"
942,102,"ŠPENDAL","JURIJ","1:35:36"
943,1228,"DVORŠAK","JURE","1:35:37"
944,1165,"ZVER","DAMIR","1:35:44"
945,1101,"GJERKEŠ","SIMON","1:35:45"
945,1539,"ŠKAPER","ROK","1:35:45"
947,1128,"SLEVEC","ROK","1:35:50"
947,312,"SVENDA","STEFAN","1:35:50"
949,1168,"UTROŠA","VIKTOR","1:35:51"
949,1035,"REČNIK","NEJC","1:35:51"
951,597,"GORENC","TOMAZ","1:35:52"
952,1320,"PERNUŠ","FRANCI","1:36:00"
953,758,"OGORELC","MATJAŽ","1:36:01"
954,403,"KOROŠEC","MIHA","1:36:05"
955,1523,"BELEJ","STAŠ","1:36:07"
956,572,"KOVAČ","RIHARD","1:36:08"
957,1317,"ŠKAPER","GVIDO","1:36:09"
958,1169,"ČEH","TADEJ","1:36:13"
959,975,"ČRMELJ","GREGOR","1:36:19"
960,964,"URAN","ALEKSANDER","1:36:23"
960,1345,"OGNJANOVIC","DUSAN","1:36:23"
962,1344,"RUDOF","MATIC","1:36:24"
963,1255,"OSOJNIK","MARKO","1:36:28"
964,1346,"URSEJ","ROMAN","1:36:29"
965,936,"MARCH","MATTHIAS","1:36:31"
966,697,"MILIVOJEVIC","NIKOLA","1:36:32"
966,128,"URH","PRIMOŽ","1:36:32"
968,1224,"PETRINČIČ","ŽAN","1:36:38"
969,827,"BLATNIK","ŽIGA","1:36:42"
970,1586,"PEČOLER","PRIMOŽ","1:36:49"
971,151,"JUVANČIČ","BOŠTJAN","1:36:50"
972,297,"ZINRAJH","GREGOR","1:36:52"
972,465,"SELINSEK","JERNEJ","1:36:52"
974,699,"KOVŠE","TONI","1:36:56"
975,335,"BAJC","KRISTJAN","1:36:57"
976,1583,"BOGATEC","JAN","1:36:59"
977,1584,"FURLAM","ANDRAZ","1:37:01"
977,630,"RANT","MATEJ","1:37:01"
979,1582,"KRALJ","FABIJAN","1:37:02"
980,1585,"SUSIČ HOSNER","TOBIAS","1:37:04"
981,457,"ŽAGO","ALEN","1:37:13"
982,1550,"PETAN","BLAŽ","1:37:14"
983,1242,"KLAUŽER","ANDREJ","1:37:22"
983,1467,"NADU","ŽIGA","1:37:22"
985,1472,"MIKOLIČ","MATEJ","1:37:26"
986,388,"FOJKAR","ALEN","1:37:27"
987,906,"PRIMEC","LUKA","1:37:28"
988,79,"ZVER","NATAN","1:37:32"
989,710,"ŠTEFANE","JESSE","1:37:35"
990,397,"PANNACCI","DANIEL","1:37:36"
991,13,"ZORKO","GREGOR","1:37:37"
992,631,"BENEDIČIČ","IGOR","1:37:40"
993,708,"FRECE","DEJAN","1:37:45"
994,700,"DOLENC","ŽAN","1:37:51"
995,1487,"DERNULC","ANDREJ","1:37:52"
996,973,"JAKUPEC","ROMANO","1:37:53"
997,1067,"MARČEC","ANTON","1:37:55"
997,1016,"LOKAR","SIMON","1:37:55"
999,1524,"KLEMENČIČ","MIHA","1:37:56"
1000,851,"URBANC","LUKA","1:38:22"
1001,1435,"PETEK","MITJA","1:38:28"
1002,577,"FURLAN","ALEŠ","1:38:37"
1003,1542,"JUS","JAŠA","1:38:41"
1004,798,"KAURIN","GORAN","1:38:48"
1005,566,"OČKO MAVER","BORUT","1:38:51"
1006,640,"PEVEC","GAŠPER","1:38:54"
1007,1123,"ŽARN","TONI","1:38:57"
1008,1152,"MIKLIČ","PRIMOŽ","1:39:06"
1009,237,"AHACIC","MIHA","1:39:17"
1010,1187,"ŽELEZNIK","LUKA","1:39:27"
1011,1479,"BERTONCELJ","JURE","1:39:31"
1011,738,"PEZDIRC","JURIJ","1:39:31"
1013,1538,"LUKANČIČ","MATEVŽ","1:39:32"
1014,1520,"ŠKERJANEC","JURE","1:39:40"
1015,916,"ČAKS","MATEJ","1:39:42"
1016,409,"ARKO","ALJAZ","1:39:50"
1017,663,"GALOVIČ","IVO","1:39:55"
1018,466,"PORI","PRIMOZ","1:39:56"
1019,665,"KOVAČIČ","URBAN","1:40:00"
1020,1278,"KRALJEVIČ","ANTE","1:40:03"
1021,891,"POTOČNIK","BORUT","1:40:04"
1022,618,"VALANT","FRANCI","1:40:12"
1023,400,"VIGALI","DRAGO","1:40:14"
1024,1154,"KRAMER","DAVID","1:40:27"
1025,613,"PAJK","TILEN","1:40:30"
1026,1418,"ČEHAJIĆ","KRISTJAN","1:40:32"
1027,761,"GUŠIĆ","HASAN","1:40:33"
1028,598,"LUTRING","DEJAN","1:40:36"
1029,1167,"HORVAT","ŽIGA","1:40:44"
1030,1430,"MILOŠIČ","DANI","1:40:45"
1031,1092,"LAMPREHT","PRIMOŽ","1:40:46"
1032,1419,"STOPAR","GAŠPER","1:40:48"
1033,752,"GOVEKAR","ANDREJ","1:40:52"
1034,769,"JEVŠNIK","ALEŠ","1:40:54"
1034,1483,"ŠTURM","VILI","1:40:54"
1036,1451,"GOVEKAR","TILEN","1:40:57"
1037,295,"KOVAČIČ","UROŠ","1:41:02"
1037,120,"ŽULOVEC","ALEŠ","1:41:02"
1039,1431,"ROSA","ROK","1:41:06"
1040,258,"LINHART","PATRICK","1:41:12"
1041,877,"PAVLIČ","NEJC","1:41:14"
1042,253,"REŽEK","BLAŽ","1:41:16"
1043,245,"BERGINC","NEJC","1:41:17"
1044,1423,"PAVLOVEC","MARTIN","1:41:20"
1045,1171,"LIKAR","MATIJA","1:41:28"
1046,1350,"DOBČNIK","UROŠ","1:41:39"
1047,1632,"PORENTA","URBAN","1:41:40"
1048,158,"JEREBIČ","BOŠTJAN","1:41:47"
1049,1562,"PEŠAK","NACE","1:41:49"
1050,159,"FORTUNA","SIMON","1:41:54"
1051,735,"CIGLER","ANDRAŽ","1:41:58"
1052,1535,"HOSTNIK","JAN","1:41:59"
1053,259,"WURZ","JAKOB","1:42:03"
1054,1602,"GRAJFONER","DOMEN","1:42:05"
1055,404,"MANFREDA","ŽIGA","1:42:06"
1056,1402,"ZILAREVIC","ZLATKO","1:42:21"
1057,1548,"ZUPAN","GREGOR","1:42:23"
1057,1665,"UCMAN","ANDRAŽ","1:42:23"
1059,1069,"ŠEF","MATJAŽ","1:42:27"
1060,669,"MARAS","IVAN","1:42:37"
1061,589,"JURJEC","ALEŠ","1:42:39"
1062,1096,"SLUGA","MIHA","1:42:40"
1063,695,"KIŠ","PETER","1:42:45"
1064,353,"HUFNAGL","MARTIN","1:42:46"
1065,500,"SUHOVERŠNIK","DEJAN","1:42:50"
1066,331,"BLAZNIK","MIRAN","1:42:53"
1067,354,"HUFNAGL","LUKAS","1:42:56"
1067,1036,"ŠEŠKO","DEJAN","1:42:56"
1069,1028,"GRAZER","IVO","1:42:58"
1070,554,"GAJŠEK","JURE","1:43:07"
1071,439,"MAJDIČ","SAMO","1:43:08"
1072,1481,"GUČEK","SANDI","1:43:11"
1073,263,"MANDELJ","ŽIGA","1:43:13"
1074,1357,"KOLJNREKAJ","DAVID","1:43:15"
1075,1506,"ZUPANČIČ","BLAŽ","1:43:16"
1076,117,"SAMOTORČAN","BOJAN","1:43:19"
1077,819,"LOWRY","MARCUS","1:43:24"
1078,456,"KUSELJ","DEJAN","1:43:36"
1078,552,"ŠUŠTERŠIČ","MATEVŽ","1:43:36"
1080,460,"KOLAR","MARSEL","1:43:37"
1081,717,"PETOVAR","BRANKO","1:43:48"
1082,590,"PEČAR","BORUT","1:43:49"
1083,418,"MRAZ","DUŠAN","1:44:10"
1084,364,"JENŠTERLE","LUKA","1:44:19"
1085,1686,"BIAGGIO","MIHA","1:44:28"
1086,231,"KREFL","GAŠPER","1:44:29"
1087,694,"KAĆANSKI","MARKO","1:44:43"
1088,526,"PANNACCI","PAUL","1:44:46"
1089,702,"PRAPER","JOŽE","1:44:47"
1090,1683,"BOHINC","GREGA","1:44:50"
1091,860,"PRELC","LUKA","1:44:53"
1092,861,"ABRAM","JAN","1:44:55"
1093,1178,"BERTALANIČ","TADEJ","1:44:59"
1094,1170,"LIKAR","MATJAZ","1:45:00"
1095,1670,"KOPIC","MATIC","1:45:09"
1096,1616,"SKAZA","SEBASTIJAN","1:45:23"
1097,401,"HLEDE","TIM","1:45:35"
1098,962,"MALNAR","LOVRO","1:45:38"
1099,346,"MÜHLBAUER","REINER","1:45:47"
1100,341,"HOZJAN","DENIS","1:45:51"
1101,340,"TRAJBARIČ","TRISTAN","1:45:52"
1102,461,"TIVADAR","ALEN","1:46:00"
1103,646,"ZIDAR","MIHA","1:46:04"
1104,314,"CIGLAR","BOZIDAR","1:46:14"
1105,381,"SCHRETZMAYER","MANFRED","1:46:17"
1106,484,"MATIJASIC","MATIJA","1:46:18"
1107,856,"PISEK","MARKO","1:46:20"
1108,417,"RATAJ","TOMAŽ","1:46:24"
1109,1177,"KASTREVC","JOŽE","1:46:28"
1109,1404,"LORGER","SEBASTIJAN","1:46:28"
1111,132,"ŠINKOVEC","JURE","1:46:31"
1112,1099,"KOVAČ","MARTIN","1:46:37"
1113,519,"LOVENJAK","BOŠTJAN","1:46:38"
1114,352,"LIPAR","TADEJ","1:46:41"
1114,1678,"ČOP","MARKO","1:46:41"
1116,310,"KAVAŠ","ROMAN","1:46:43"
1116,483,"LUKMAN","SAŠO","1:46:43"
1118,799,"SZABO","ISTVAN","1:46:44"
1119,1275,"VAN SUŠNIK","ŽIGA","1:46:53"
1120,619,"ATANASOV","DARKO","1:46:56"
1120,1668,"KASTELIC","NEJC","1:46:56"
1122,1024,"GÜTL","THOMAS","1:47:03"
1123,770,"AMERSEK","PETER","1:47:07"
1124,1202,"VENTURINI","TOBIA","1:47:08"
1125,535,"VOHAR SLANA","ANASTAZIJA","1:47:12"
1126,1667,"MLADENOVIČ","ADRIANO","1:47:13"
1127,585,"FURLANIČ","MAKSIM","1:47:14"
1127,1044,"TURŠIČ","TINE","1:47:14"
1129,840,"JUROVIĆ","JERKO","1:47:21"
1130,609,"SLANA","DEJAN","1:47:22"
1131,348,"TEMNIKER","DAVID","1:47:24"
1132,1408,"RAZINGER","MARCEL","1:47:26"
1133,608,"ROPOŠA","ROK","1:47:28"
1134,621,"MALAČIČ","MARKO","1:47:32"
1135,149,"KRANJC","ANDREJ","1:47:34"
1136,1194,"JARC","TOMAŽ","1:47:42"
1137,1109,"CRNKOVIĆ","JOSIP","1:47:50"
1137,1110,"KAURINOVIĆ","MARIO","1:47:50"
1139,1685,"RUPNIK","MIHA","1:47:56"
1140,1326,"MESIČEK","NENAD","1:48:03"
1140,1333,"MEGLIĆ","PATRIK","1:48:03"
1142,380,"LEBAN","MARTIN","1:48:11"
1143,1292,"KORENČ","MATEJ","1:48:37"
1144,1295,"GROM","DAVID","1:48:56"
1145,792,"TOPLER","SAŠO","1:49:09"
1146,1469,"DÄUBLER","CHRISTIAN","1:49:11"
1147,879,"KOZUH","MATEJ","1:49:16"
1148,300,"GASAR","METOD","1:49:20"
1149,200,"ENIKO","MIHA","1:49:23"
1150,1424,"ŠKALER","ALEKSANDER","1:49:27"
1151,1425,"TATALOVIC","PETER","1:49:28"
1151,1625,"PETEK","MARKUS","1:49:28"
1153,152,"GRAHOR","JERNEJ","1:49:32"
1154,74,"POTOČNIK","MITJA","1:49:33"
1155,855,"KRANJEC","TOMI","1:49:41"
1156,1452,"BOLKA","ROK","1:49:42"
1156,1480,"GUČEK","KRISTJAN","1:49:42"
1158,103,"REPINA","BORUT","1:49:45"
1158,232,"BOŠTJANČIČ","PETER","1:49:45"
1160,183,"MIHEVC","NIKO","1:49:48"
1161,602,"TERPIN","JURE","1:49:58"
1162,1571,"PRESECNIK","ROK","1:50:02"
1163,435,"CMOK","MIHA","1:50:07"
1164,872,"BUTORAC","IGOR","1:50:11"
1165,325,"PLIBERŠEK","MIHAEL","1:50:13"
1166,1013,"ERKLAVEC","MATIC","1:50:22"
1167,581,"ZUPAN","DENIS","1:50:26"
1168,817,"STARIHA","PETER","1:50:35"
1169,576,"HASKIČ","MUNIB","1:50:36"
1170,434,"PIKON","MIHA","1:50:59"
1171,366,"TOČAJ","PRIMOŽ","1:51:01"
1172,410,"POTOČNIK","MARIJAN","1:51:16"
1173,510,"BUKOVŠEK","ČARNA","1:51:29"
1174,1113,"PUŠAVEC","DOMINIK","1:51:37"
1175,972,"BOBIK","ROK","1:51:41"
1176,1378,"CVETKO","FRANCI","1:51:42"
1177,420,"KOVACEVIC","LUKA","1:51:47"
1178,616,"ANTOLIN","DENIS","1:51:48"
1179,559,"NOVOSEL","MIHA","1:51:55"
1180,970,"KLANČNIK","ALJAŽ","1:52:10"
1181,1201,"VENTURINI","PIER ANGELO","1:52:18"
1182,601,"KRAJNČAN","URH","1:52:31"
1183,771,"JAGER","MARJAN","1:52:34"
1184,1601,"ARNEŽ","ANDRAŽ","1:52:54"
1185,638,"PINTAR","BOJAN","1:53:11"
1186,463,"RITUPER","BLAZ","1:53:14"
1187,1271,"THIEL","RÜDIGER","1:53:18"
1187,1093,"MENART","MARKO","1:53:18"
1189,574,"VIDOVIĆ","ERIK","1:53:39"
1190,1557,"REBERŠEK","SIMON","1:54:08"
1191,270,"ZALOKAR","VILI","1:54:18"
1192,534,"ANTOLIN","ALEŠ","1:54:26"
1193,1062,"KATINIĆ","KARLO","1:54:38"
1194,1677,"KOŽUL","MARINKO","1:54:44"
1195,751,"ŠTEFE","DRAGO","1:54:45"
1196,275,"BELEJ","BLAŽ","1:54:53"
1197,271,"HOHKRAUT","MIRAN","1:54:55"
1198,1529,"SLUGA","SILVO","1:55:07"
1199,365,"FILIPIČ","ŽIGA","1:55:09"
1200,1286,"BUČAN","KLEMEN","1:55:18"
1201,1633,"BAGOROŠ","ROK","1:55:23"
1202,106,"ŠUNKO","SAMO","1:55:31"
1203,614,"VILAGOŠ","SILVIO","1:55:33"
1203,1215,"GROJZDEK","BOJAN","1:55:33"
1205,162,"MERHAR","PRIMOŽ","1:55:34"
1206,615,"JUNG","YOUNGHO","1:55:37"
1207,594,"LUKANČIČ","ALJAŽ","1:55:53"
1208,551,"VERHOVŠEK","DEJAN","1:56:01"
1209,825,"URTELJ","MATJAŽ","1:56:11"
1210,820,"SEVŠEK","DAVID","1:56:13"
1211,1273,"SELAN","MATJAŽ","1:56:32"
1212,931,"PODJED","ROK","1:56:37"
1213,582,"AMON","KRIŠTOF","1:56:38"
1214,177,"KRNC","JURE","1:56:43"
1215,650,"ŠAREC","FRENK","1:57:11"
1216,912,"PETRIČ","BOJAN","1:57:13"
1217,1497,"LASSNIG","JOHANNES","1:57:17"
1218,889,"LEKŠE","ROBERT","1:57:23"
1219,134,"KWICH","ROBERT","1:57:50"
1220,193,"JURMAN","TOMAŽ","1:58:05"
1220,319,"GRAZE","BERND","1:58:05"
1222,320,"STOJANOVIC","VEDRAN","1:58:06"
1222,544,"BOLTIN","JERNEJ","1:58:06"
1224,1684,"NAGODE","BLAŽ","1:58:16"
1225,201,"GORIŠEK","JAN","1:58:19"
1226,1236,"DROLE","UROŠ","1:58:21"
1227,1022,"SIRK","MATIJA","1:58:22"
1227,545,"JERŠE","VIKI","1:58:22"
1229,968,"ŠPENDAL","JAN","1:58:23"
1230,1315,"GUZELJ","JERNEJ","1:58:27"
1231,1316,"MURN","URBAN","1:58:35"
1232,64,"REPANŠEK","SAŠO","1:58:43"
1233,967,"KOCJANČIČ","JANEZ","1:58:45"
1234,464,"BAGARI","TIMOTEJ","1:59:06"
1235,1368,"THIEL","OLIVER","1:59:16"
1236,958,"VORŠIČ","MARKO","1:59:31"
1237,957,"PLANINŠEK","JURE","1:59:32"
1238,1125,"GABROVEC","ALEŠ","1:59:33"
1239,1237,"ŠTIBILJ","STANKO","1:59:58"
1240,1085,"MARTINEC","TOMISLAV","2:00:34"
1241,249,"BREGAR","ŽIGA","2:00:49"
1242,93,"HLEBČAR","VANJA","2:03:16"
1243,662,"PRAZNIK","BLAŽ","2:03:55"
1,1091,"KLINAR","TINA","0:50:59"
2,478,"MENCIGAR","MAJA","0:51:38"
3,1558,"GLAMOČAK","TAJDA","0:53:00"
4,562,"PLEŠNIK","ANJA","0:53:13"
5,1401,"MRAK","LIDIJA","0:57:56"
6,1594,"PERČIČ","ŠPELA","0:59:31"
7,542,"TOMOVIĆ","NIKI","0:59:54"
8,951,"AHAC","URŠKA","1:03:14"
9,94,"PRAZNIK","SIMONA","1:04:32"
10,1241,"BRAČKO","ROMANA","1:05:01"
11,1060,"RODE","TANJA","1:06:00"
12,474,"MENCIGAR","MATEJA","1:07:21"
13,1012,"RUPNIK KOKOŠÍNSKÁ","MARTINA","1:07:56"
14,1588,"SELAN","DUNJA","1:08:04"
15,100,"SREBERNJAK","NASTJA","1:08:53"
16,1206,"CÖR","MARINA","1:08:59"
17,1066,"DRNOVŠEK","MONJA","1:09:12"
18,796,"ROTOVNIK KOZJEK JEGLIČ","NADA","1:09:36"
19,1471,"STRŽINAR","PETRA","1:09:48"
20,1185,"UDOVČ","KRISTINA","1:10:09"
21,1338,"ARH","LUCIJA","1:10:36"
22,678,"NAGLIČ","MARUŠA","1:10:56"
23,1691,"ŠTEMBERGAR","VANJA","1:11:02"
24,622,"ZAJC","MOJCA","1:11:35"
25,220,"EISELE","NANI","1:12:05"
26,155,"BIZJAK","TATJANA","1:12:12"
26,125,"HRIBAR","MARUŠA","1:12:12"
28,1021,"KAVŠEK","KATJA","1:12:45"
29,190,"JELERČIČ","STAŠA","1:12:48"
30,1230,"OBLAK","MIRJANA","1:13:09"
31,869,"JERAJ","EVA","1:13:17"
32,571,"VILMAN","LEA","1:13:24"
33,472,"KONJC","MARTINA","1:14:04"
34,6,"HARB","ANA","1:14:35"
35,318,"VERGELJ","MOJCA","1:15:06"
36,1461,"BUKOVEC","BRIGITA","1:15:33"
37,86,"PERPAR","ANITA","1:15:39"
38,44,"NOVAK","SABINA","1:16:10"
39,107,"GANTAR","TANJA","1:16:33"
40,1038,"POLOVIČ","DAMJANA","1:16:35"
41,1490,"MUZIC","PETRA","1:16:53"
42,784,"LETONJA","SANJA","1:17:25"
43,1150,"SABADIN","REBEKA","1:17:36"
44,135,"HOJNIK","ARJA","1:18:01"
45,212,"PINTAR","MAŠA","1:18:02"
46,407,"KOROŠEC","URŠA","1:19:03"
47,143,"SKVARČA","NEŽA","1:19:05"
48,1641,"UŠLAKAR","PIA","1:19:13"
49,239,"JAMŠEK","NIKA","1:19:42"
49,811,"SLAK","TJAŠA","1:19:42"
51,886,"ERLAH","JULIJA","1:20:03"
52,846,"KOS","KAJA","1:20:04"
53,1389,"KASTELIC","NATALIJA","1:21:13"
54,1054,"LOKAR","NIKA","1:21:38"
55,1192,"ZAKOTNIK","MAJA","1:21:51"
56,945,"SAGMEISTER","NICOLE","1:21:57"
56,142,"SPORN","JANJA","1:21:57"
58,1468,"PUČKO","SABRINA","1:22:03"
59,561,"ŠTRUMBELJ","MAJA","1:22:09"
60,679,"METLIČAR","LARA","1:22:17"
61,419,"STEFIC","ANITA","1:22:21"
62,1380,"PODGORNIK PEKIČ","DANIELA","1:22:41"
63,1634,"GAJŠEK","DAŠA","1:22:46"
64,823,"REČNIK","NEJA","1:23:24"
65,130,"BERESLAVETS","JULIJA","1:23:46"
66,1360,"ANTOLIN","ANA","1:23:55"
67,691,"SOKOLOV","TEA","1:23:58"
68,108,"GANTAR","TEJA","1:24:22"
69,1460,"ŠTER","MAJA","1:24:29"
70,1120,"ŽEMVA","TANJA","1:24:32"
70,178,"KRALJ","ANA","1:24:32"
72,1645,"MLINAR","VALERIJA","1:24:34"
73,1510,"BERGANT","MARUŠA","1:24:45"
74,267,"GORIČAN","LIDIJA","1:24:49"
75,43,"TOME","MATEJA","1:24:54"
76,1041,"KOTNIK","MARJETA","1:24:58"
77,1624,"NEUBAUER","EVA-MARIA","1:25:02"
77,623,"MIKLOŽIČ","TJAŠA","1:25:02"
79,1122,"DJORDJEVIĆ","LUANA","1:25:13"
79,1245,"ŠTRIKER","ŠPELA","1:25:13"
81,821,"APIŠOTEK","TADEJA","1:25:35"
82,1223,"CEGLAR","TJAŠA","1:25:38"
83,1,"AHČIN","ANA","1:25:49"
84,875,"JEREB","SUZANA","1:25:57"
85,977,"RIPFL","MAGDALENA","1:26:05"
86,1264,"MARC","SIMONA","1:26:10"
86,176,"KASTELIC","PATRICIJA","1:26:10"
88,1126,"ŠERUGA","SIMONA","1:26:24"
88,1073,"STANONIK","NIKA","1:26:24"
88,1653,"TRATAR","KATARINA","1:26:24"
91,121,"STRNAD","IVANA","1:26:38"
92,69,"JERAS","MARUŠA","1:26:41"
93,441,"GLAD","RENATA","1:26:43"
94,396,"GRIL","MATEVŽ","1:26:53"
95,1133,"PAVLIHA","ALENKA","1:27:05"
96,171,"MATKO","BARBARA","1:27:10"
97,230,"STRAŽIŠAR","TINKARA","1:27:54"
97,10,"ZORKO","KAJA","1:27:54"
99,1365,"TREBOVC","ANJA","1:28:11"
100,1193,"DAGARIN","MARTINA","1:28:31"
101,78,"SITAR","NINA","1:28:35"
102,205,"LEGAN","NINA","1:28:43"
103,992,"TELL","ANDREJA","1:28:55"
104,1340,"JERMAN","NATAŠA","1:28:57"
105,25,"MALOVRH","ZALA","1:29:31"
106,1648,"HRIBAR","JASMINA","1:29:54"
106,1637,"SMOLNIKAR","NASTJA","1:29:54"
108,1000,"KAINZ GAJSEK","PETRA","1:30:04"
108,822,"ŠTEFANE","MAŠA","1:30:04"
110,1043,"BANDEL","KATARINA","1:30:10"
111,378,"DEBELAK","URŠKA","1:30:37"
112,1655,"SIROCIC","KAROLINA","1:30:52"
113,1233,"RANGUS","BARBARA","1:31:00"
114,1527,"POVŠE","SUZANA","1:31:02"
115,251,"JUROVIC","JOSIPA","1:31:16"
116,793,"KUMER BIZJAK","REBEKA","1:31:26"
117,8,"CIPOT","KAJA","1:31:28"
118,944,"MAYER","MARIA","1:31:31"
119,946,"MARBLER","EDITH","1:31:34"
120,1030,"PEČNIK","JELKA","1:31:53"
121,1676,"CRNKOVIĆ","PETRA","1:32:16"
122,235,"JERAJ","ALEKSANDRA","1:32:18"
123,692,"PETERNEL","ULA","1:32:23"
124,1687,"SEVČNIKAR","MAŠA","1:32:32"
125,1329,"KOZAMURNIK","KAJA","1:32:58"
126,838,"POGAČ","ANDREJA","1:33:22"
127,1595,"ŽAJDELA","MATEJ","1:33:23"
128,408,"ROT","MANCA","1:33:26"
129,339,"BOGATAJ","KAJA","1:33:28"
130,1017,"ŠIRCELJ","NIKA","1:33:36"
131,805,"ZUPANČIČ","ALMA","1:33:54"
132,1476,"BRAČKO","IRENA","1:34:16"
133,892,"PODPEČAN POTOČNIK","VESNA","1:34:42"
134,101,"LOGAR","IZA","1:34:45"
135,942,"ŠTURM","ŠPELA","1:34:58"
136,1433,"GOLOB","KLARA","1:35:04"
137,688,"BANIČ","ALEŠA","1:35:16"
138,1611,"RAK","VIDA","1:35:25"
139,315,"SVENDA","MIRJANA","1:35:36"
140,1048,"PIPAN PETELIN","SAŠA","1:36:13"
141,974,"JEVŠČEK","TINA","1:36:19"
142,112,"URH","PETRA","1:36:28"
143,1059,"HADALIN","PETRA","1:36:42"
144,146,"PRESEREN CARMAN","VESNA","1:36:50"
145,293,"KRAMBERGER","LARA","1:36:59"
146,1088,"ROZMAN","POLONCA","1:37:03"
147,113,"POŽAR","JELKA","1:37:09"
148,384,"MOLEK","IVA","1:37:26"
149,76,"ŠIMNIC","MIJA","1:37:35"
150,986,"ŽNIDARŠIČ","TINKARA","1:37:39"
151,248,"BREGAR","NEŽA","1:37:46"
152,85,"BLATNIK","KATJA","1:37:54"
153,111,"IKIĆ","TJAŠA","1:38:11"
153,402,"ČUČEK","NIKITA","1:38:11"
155,1042,"BOŽIČ","META","1:38:19"
156,1065,"DOBROTINŠEK","ANITA","1:38:28"
157,909,"DOVNIK","URŠKA","1:38:31"
158,167,"PETERNEL","ANJA","1:38:35"
159,565,"RADI","NINA","1:38:39"
160,18,"DROBNIČ","NINA","1:38:47"
161,1630,"KAVČIČ","ŠPELA","1:38:48"
162,1210,"URBANC","TEA","1:39:09"
163,326,"MAJCENOVIČ","VANESA","1:39:15"
164,236,"KOČNIK","BRIGITA","1:39:16"
165,514,"KRANJC HUDOKLIN","PATRICIA","1:39:29"
166,422,"TROBIŠ","RENATA","1:39:53"
167,617,"VALANT","BARBARA","1:40:10"
168,92,"PERUZZI KENDA","NEVA","1:40:24"
169,899,"JELEN","TJASA","1:40:27"
170,537,"AZAROV","TJAŠA","1:40:32"
171,90,"ISKRA","KATJA","1:40:33"
172,1134,"JARC","NINA","1:40:38"
173,1146,"ZAVNIK","MARUSA","1:40:40"
174,698,"TUĐAN","TEA","1:40:42"
175,124,"BENČINA","JANJA","1:40:58"
175,1061,"LULIK","ANA","1:40:58"
177,690,"SEREC","MATEJA","1:41:12"
178,1281,"BOGOVČIČ","DOMINIK","1:41:20"
179,648,"ZAPUŠEK","MOJCA","1:41:35"
180,1629,"ZAVRL","KATJA","1:41:36"
181,1603,"KRANER","ŠPELA","1:42:00"
182,1376,"V. PEČNIK","NINA","1:42:11"
183,990,"MEŠTER","ANDREJA","1:42:14"
184,1287,"BRUS","VANESA","1:42:19"
185,1697,"KRANJEC","KATJA","1:42:43"
186,1696,"HROVAT","EVA","1:42:44"
187,1037,"KREVEL","JANJA","1:42:52"
188,262,"KAVČIČ","VESNA","1:43:07"
189,118,"ALAUF","NUŠA","1:43:08"
190,533,"DREV","ANJA","1:43:12"
191,433,"BOHINC","EVA","1:43:15"
192,447,"TRTNIK","ZALA","1:43:17"
193,987,"JARC","NEŽA","1:43:45"
194,216,"KALIŠNIK","MAJA","1:43:55"
195,660,"HERMAN","INA","1:43:59"
196,385,"KAVČIČ","ROMINA","1:44:07"
197,1444,"PEJIĆ","ANA","1:44:13"
198,1160,"ČIBEJ","METKA","1:44:19"
199,1240,"BOLKO","ANJA","1:44:22"
200,755,"RAMPRE","INJA","1:44:35"
201,1239,"MAFFI","ANJA","1:44:43"
202,684,"VERBOTEN","KSENIJA","1:44:45"
203,1671,"STURM","TINA","1:44:47"
204,66,"ŠKET","TADEJA","1:45:06"
205,181,"BAJGO","GABRIELA","1:45:09"
206,939,"STRAŽIŠČAR","ANA","1:45:24"
207,596,"GORENC","SUZANA","1:45:25"
208,344,"KELENC","ANJA","1:45:32"
209,605,"SKARLOVNIK","JANJA","1:45:37"
209,776,"ŠMID","TONKA","1:45:37"
211,345,"HENNIG","UTA","1:45:46"
212,671,"MLINAR","TEA","1:45:50"
213,222,"SEVŠEK","MATEJA","1:45:53"
213,993,"RENER","JASNA","1:45:53"
215,1274,"KLEMENC","BARBARA","1:45:56"
216,1442,"MIKLAVČIČ","ŠPELA","1:46:11"
217,1405,"ČAKŠ LORGER","MONIKA","1:46:26"
218,1009,"DOBRAVC","ANKA","1:46:27"
219,260,"LERNER","ROMANA","1:46:32"
220,311,"KAVAŠ","MAJA","1:46:38"
221,1456,"STEPANČIČ","KATJA","1:47:00"
222,858,"KOS","VALERIJA","1:47:02"
223,33,"URBANČIČ","ZALA","1:47:25"
224,530,"TERPIN","NATAŠA","1:47:31"
225,389,"DOLINAR","LINA","1:47:42"
226,1332,"ŠIMUNIĆ","IVA","1:47:58"
227,853,"KOPRIVNIKAR","ERIKA","1:48:01"
228,455,"UDOVIČ","BLAŽKA","1:48:18"
229,786,"DRENIK","TAMARA","1:48:23"
230,1650,"MIKLAVC","ZALA","1:48:27"
231,1162,"POTOCKI","EVA","1:48:50"
231,299,"BRUDAR","MOJCA","1:48:50"
233,787,"ŠTAJDUHAR","MAJA","1:48:52"
234,794,"DROBEŽ","PETRA","1:49:00"
235,632,"KOLARIČ","KATJA","1:49:24"
236,1149,"SKRINAKOVA","EVA","1:49:41"
237,1482,"PETEK","VITA","1:49:44"
238,1053,"VIDMAR","NATAŠA","1:49:45"
239,797,"PINTER","POLONA","1:49:47"
240,689,"MIKLIČ","TINA","1:49:52"
241,529,"KLANČNIK","MELITA","1:50:00"
242,1127,"ŠARLAH","BOŽA","1:50:11"
243,182,"CENCELJ","GORDANA","1:50:19"
244,1415,"BEG","CLAUDIA","1:50:28"
245,940,"ERŽEN","NIKA","1:50:41"
246,644,"RAJAR","BARBARA","1:50:47"
247,432,"PIKON","MATEJA","1:50:50"
248,941,"GROŠELJ","TINA","1:50:51"
249,732,"TURKOVIĆ","KRISTINA","1:51:20"
250,273,"KUMER","MANJA","1:51:39"
251,1379,"BIZJAK","SABINA","1:51:40"
252,943,"MARKELJ","LARA","1:52:13"
253,169,"SKALE","LUCIJA","1:52:16"
254,553,"LAZNIK ŠUŠTERŠIČ","GLORIJA","1:52:17"
255,600,"MAKUC","ASJA","1:52:19"
256,801,"KOLAR","ŠPELA E.","1:52:26"
257,703,"ŠUMNIK","HELENA","1:52:42"
258,1051,"RAVNIK","ALENKA","1:53:17"
259,223,"SMONIG JUREČIČ","MAŠA","1:54:11"
260,164,"MERHAR","TINA","1:55:31"
261,405,"ŠEPEC","IZA","1:55:38"
262,686,"BRUS","MAJA","1:55:41"
263,459,"ŠINKO","ANJA","1:55:43"
264,824,"SELAN","MANCA","1:56:09"
265,29,"LONČAR","MAJA","1:57:00"
266,1144,"GRUJIC","KRISTINA","1:57:02"
267,1276,"WASSERTHEURER","KAROLINE","1:57:14"
268,1046,"STARIČ","RENATA","1:57:16"
269,955,"KAVKA","MARTINA","1:57:41"
270,1217,"VOJNOVIČ","MAJA","1:58:03"
271,1313,"GUZELJ","ANDREJA","1:58:21"
272,1314,"MURN","TAJDA","1:58:23"
273,1532,"VELIČKOVIČ","EDITA","1:58:32"
274,1084,"ANTONIĆ","IVANA","2:00:37"
275,281,"CSÁK","ZSUZSANNA","2:01:52"
276,1620,"ŠPLEJT","KAROLINA","2:01:58"
